fund_name,stock_url,Stock_Invested_in,Sector,Value_Mn,pct_of_total_holdings,1m_change,1Y_Highest_Holding,1Y_Lowest_Holding,Quantity,1M_Change_in_Qty,Stock Invested in,1Y_Highest Holding,1Y_Lowest Holding,1m_change1
Franklin India Smaller Companies Fund - Direct - GrowthSmall Cap Fund,https://www.moneycontrol.com/india/stockpricequote/chemicals/deepaknitrite/DN,,Specialty chemicals,3081.3,3.21%,0.15%,,,13.88 L,0.00,Deepak Nitrite Ltd.,4.4% (Oct 2022),3.07% (Jul 2023),0.15
Franklin India Smaller Companies Fund - Direct - GrowthSmall Cap Fund,https://www.moneycontrol.com/india/stockpricequote/personal-care/jyothylabs/JL,,Household products,2478.1,2.58%,0.06%,,,71.14 L,-2.50 L,Jyothy Laboratories Ltd.,2.78% (Jan 2023),2.29% (Jun 2023),0.06
Franklin India Smaller Companies Fund - Direct - GrowthSmall Cap Fund,https://www.moneycontrol.com/india/stockpricequote/it-services-consulting/kpittechnologies/KPITT54265,,Computers - software & consulting,2202.0,2.29%,0.07%,,,18.73 L,0.00,KPIT Technologies Ltd.,2.59% (Sep 2022),2.14% (Nov 2022),0.07
Franklin India Smaller Companies Fund - Direct - GrowthSmall Cap Fund,https://www.moneycontrol.com/india/stockpricequote/diamond-jewellery/kalyanjewellersindia/KJI01,,"Gems, jewellery and watches",2937.2,3.06%,0.44%,,,1.17 Cr,-0.20 Cr,Kalyan Jewellers India Ltd.,3.06% (Aug 2023),0.99% (Mar 2023),0.44
LIC MF Small Cap Fund - Direct Plan - Growth,https://www.moneycontrol.com/india/stockpricequote/packaging/garwarehitechfilms/GP,Garware Polyester Ltd.,Plastic products - industrial,90.3,5.31%,1.12%,5.31% (Sep 2023),0% (Oct 2022),61.75 k,0.00,,,,1.12
Quant Small Cap Fund - Direct Plan - Growth,https://www.moneycontrol.com/india/indexfutures/nifty/9,Reliance Industries Ltd. : Futures Near,Refineries & marketing,4212.0,4.63%,0.64%,4.63% (Sep 2023),0% (Oct 2022),17.86 L,0.13 Cr,,,,0.64
DSP Small Cap Fund - Direct Plan - Growth,https://www.moneycontrol.com/india/stockpricequote/computers-software/cyient/IE07,Cyient Ltd.,It enabled services,5592.4,4.62%,0.15%,4.86% (Apr 2023),2.87% (Oct 2022),33.01 L,0.00,,,,0.15
Axis Small Cap Fund - Direct Plan - Growth,https://www.moneycontrol.com/india/stockpricequote/hospitals-medical-services/narayanahrudayalaya/NH,Narayana Hrudayalaya Ltd.,Hospital,7331.8,4.53%,0.10%,4.71% (Jun 2023),4.2% (Apr 2023),67.54 L,0,,,,0.1
DSP Small Cap Fund - Direct Plan - GrowthSmall Cap Fund,https://www.moneycontrol.com/india/stockpricequote/computers-software/cyient/IE07,Cyient Ltd.,It enabled services,5404.4,4.47%,0.31%,4.86% (Apr 2023),2.87% (Oct 2022),33.01 L,0.00,,,,0.31
ICICI Prudential Smallcap Fund - Direct Plan - GrowthSmall Cap Fund,https://www.moneycontrol.com/india/stockpricequote/computers-software/cyient/IE07,Cyient Ltd.,It enabled services,3063.2,4.38%,0.17%,4.6% (Jun 2023),2.73% (Oct 2022),18.71 L,0.00,,,,0.17
Tata Small Cap Fund - Direct Plan - Growth,https://www.moneycontrol.com/india/stockpricequote/finance-housing/idfc/IDF,Infrastructure Development Finance Company Limited,Holding company,2577.0,4.20%,0.15%,4.51% (Oct 2022),3.92% (Jun 2023),2.00 Cr,0.00,,,,0.15
LIC MF Small Cap Fund - Direct Plan - GrowthSmall Cap Fund,https://www.moneycontrol.com/india/stockpricequote/packaging/garwarehitechfilms/GP,Garware Polyester Ltd.,Plastic products - industrial,71.4,4.19%,4.19%,4.19% (Aug 2023),0% (Sep 2022),61.75 k,61.75 k,,,,4.19
HDFC Small Cap Fund - Direct Plan - Growth,https://www.moneycontrol.com/india/stockpricequote/banks-public-sector/bankofbaroda/BOB,Bank Of Baroda,Public sector bank,9163.2,3.94%,0.39%,4.56% (Dec 2022),3.55% (Aug 2023),4.28 Cr,0.00,,,,0.39
Kotak Small Cap Fund - Direct Plan - Growth,https://www.moneycontrol.com/india/stockpricequote/computers-software/cyient/IE07,Cyient Ltd.,It enabled services,4876.5,3.92%,0.14%,3.95% (Apr 2023),2.59% (Oct 2022),28.78 L,43.66 k,,,,0.14
Axis Small Cap Fund - Direct Plan - Growth,https://www.moneycontrol.com/india/stockpricequote/miscellaneous/cholamandalamfinancialholdings/TII,Cholamandalam Financial Holdings Ltd.,Investment company,6196.7,3.83%,0.51%,3.83% (Sep 2023),0.75% (Nov 2022),53.40 L,0,,,,0.51
ICICI Prudential Smallcap Fund - Direct Plan - GrowthSmall Cap Fund,https://www.moneycontrol.com/india/stockpricequote/media-entertainment/pvrinox/PVR,PVR Ltd.,"Film production, distribution & exhibition",2654.6,3.80%,0.26%,3.94% (Mar 2023),0% (Sep 2022),14.82 L,1.50 k,,,,0.26
Quant Small Cap Fund - Direct Plan - GrowthSmall Cap Fund,https://www.moneycontrol.com/india/stockpricequote/finance-others/jiofinancialservices/JFS,Jio Financial Services Ltd.,Non banking financial company (nbfc),3063.5,3.79%,2.94%,3.79% (Aug 2023),0% (Sep 2022),1.31 Cr,1.09 Cr,,,,2.94
Kotak Small Cap Fund - Direct Plan - GrowthSmall Cap Fund,https://www.moneycontrol.com/india/stockpricequote/computers-software/cyient/IE07,Cyient Ltd.,It enabled services,4641.1,3.78%,0.29%,3.95% (Apr 2023),2.59% (Oct 2022),28.35 L,75.86 k,,,,0.29
HDFC Small Cap Fund - Direct Plan - GrowthSmall Cap Fund,https://www.moneycontrol.com/india/stockpricequote/computers-software-medium-small/firstsourcesolutions/FS07,Firstsource Solutions Ltd.,It enabled services,8009.3,3.55%,0.20%,3.68% (May 2023),3.24% (Jun 2023),4.91 Cr,2.49 L,,,,0.2
Bank of India Small Cap Fund - Direct Plan - Growth,https://www.moneycontrol.com/india/stockpricequote/hotel-resort-restaurants/lemontreehotels/LTH,Lemon Tree Hotels Ltd.,Hotels & resorts,242.3,3.54%,0.54%,3.54% (Sep 2023),1.26% (Jul 2023),21.30 L,3.70 L,,,,0.54
Axis Small Cap Fund - Direct Plan - GrowthSmall Cap Fund,https://www.moneycontrol.com/india/stockpricequote/computers-software-medium-small/birlasoft/KPI02,Birlasoft Ltd.,Computers - software & consulting,5588.3,3.53%,0.41%,3.53% (Aug 2023),2.44% (Apr 2023),1.10 Cr,0,,,,0.41
HSBC Small Cap Fund - Direct Plan - Growth,https://www.moneycontrol.com/india/stockpricequote/electric-equipment/aparindustries/AI40,Apar Industries Ltd.,Other electrical equipment,4072.9,3.50%,0.22%,3.57% (Apr 2023),1.96% (Nov 2022),7.44 L,-0.12 L,,,,0.22
Kotak Small Cap Fund - Direct Plan - Growth,https://www.moneycontrol.com/india/stockpricequote/abrasives/carborundumuniversal/CU,Carborundum Universal Ltd.,Abrasives & bearings,4356.7,3.50%,0.10%,4.75% (Jan 2023),3.4% (Aug 2023),37.02 L,25.00 k,,,,0.1
Kotak Small Cap Fund - Direct Plan - GrowthSmall Cap Fund,https://www.moneycontrol.com/india/stockpricequote/miscellaneous/centuryplyboards/CP9,Century Plyboards India Ltd.,Plywood boards/ laminates,4118.5,3.35%,0.13%,4.22% (Sep 2022),3.05% (Mar 2023),60.13 L,3.41 L,,,,0.13
Bank of India Small Cap Fund - Direct Plan - GrowthSmall Cap Fund,https://www.moneycontrol.com/india/stockpricequote/software/rategaintraveltechnologies/RTT,Rategain Travel Technologies Ltd.,Computers - software & consulting,214.2,3.34%,0.58%,3.34% (Aug 2023),0.9% (Oct 2022),3.56 L,0.00,,,,0.58
Sundaram Small Cap Fund - Direct Plan - GrowthSmall Cap Fund,https://www.moneycontrol.com/india/stockpricequote/cables-power-others/keiindustries/KEI,KEI Industries Ltd.,Cables - electricals,856.6,3.32%,0.09%,3.32% (Aug 2023),2.32% (Sep 2022),3.16 L,-0.11 L,,,,0.09
Quant Small Cap Fund - Direct Plan - Growth,https://www.moneycontrol.com/india/stockpricequote/food-processing/bikajifoodsinternational/BFI01,Bikaji Foods International Ltd.,Packaged foods,2984.4,3.28%,0.29%,4.21% (Dec 2022),0% (Oct 2022),61.54 L,13.00 L,,,,0.29
HSBC Small Cap Fund - Direct Plan - GrowthSmall Cap Fund,https://www.moneycontrol.com/india/stockpricequote/electric-equipment/aparindustries/AI40,Apar Industries Ltd.,Other electrical equipment,3786.5,3.28%,0.40%,3.57% (Apr 2023),1.79% (Sep 2022),7.56 L,-0.65 L,,,,0.4
Tata Small Cap Fund - Direct Plan - Growth,https://www.moneycontrol.com/india/stockpricequote/engineering/quesscorp/QC,Quess Corp Ltd.,Business process outsourcing (bpo)/ knowledge process outsourcing (kpo),2007.1,3.27%,0.15%,3.54% (Jun 2023),1.4% (Jan 2023),48.00 L,4.00 L,,,,0.15
HSBC Small Cap Fund - Direct Plan - GrowthSmall Cap Fund,https://www.moneycontrol.com/india/stockpricequote/textiles-readymade-apparels/kprmill/M15,K.P.R. Mill Ltd.,Other textile products,3773.8,3.27%,0.31%,4.27% (Sep 2022),2.96% (Jul 2023),49.82 L,0.00,,,,0.31
DSP Small Cap Fund - Direct Plan - Growth,https://www.moneycontrol.com/india/stockpricequote/sugar/triveniengineeringindustries/TE10,Triveni Engineering & Industries Ltd.,Sugar,3792.2,3.13%,0.53%,3.5% (Nov 2022),2.57% (Jul 2023),99.87 L,0.00,,,,0.53
Tata Small Cap Fund - Direct Plan - GrowthSmall Cap Fund,https://www.moneycontrol.com/india/stockpricequote/engineering/quesscorp/QC,Quess Corp Ltd.,Business process outsourcing (bpo)/ knowledge process outsourcing (kpo),1878.4,3.12%,0.01%,3.54% (Jun 2023),1.4% (Jan 2023),44.00 L,2.73 L,,,,0.01
Sundaram Small Cap Fund - Direct Plan - GrowthSmall Cap Fund,https://www.moneycontrol.com/india/stockpricequote/pumps/ksb/KSB,Ksb Pumps Ltd.,"Compressors, pumps & diesel engines",801.7,3.11%,0.02%,3.77% (Mar 2023),3.09% (Jul 2023),2.87 L,-0.48 L,,,,0.02
ICICI Prudential Smallcap Fund - Direct Plan - Growth,https://www.moneycontrol.com/india/stockpricequote/metals-castingsforgings/rolexrings/RR11,Rolex Rings Private Ltd.,Auto components & equipments,1881.1,3.11%,0.38%,4.01% (Oct 2022),2.73% (Aug 2023),8.54 L,-0.20 L,,,,0.38
Union Small Cap Fund - Direct Plan - Growth,https://www.moneycontrol.com/india/stockpricequote/pharmaceuticals/jbchemicalspharmaceuticals/JBC01,JB Chemicals & Pharmaceuticals Ltd.,Pharmaceuticals,343.7,3.11%,3.11%,3.11% (Sep 2023),0% (Oct 2022),2.32 L,2.32 L,,,,3.11
ICICI Prudential Smallcap Fund - Direct Plan - Growth,https://www.moneycontrol.com/india/stockpricequote/cables-power-others/keiindustries/KEI,KEI Industries Ltd.,Cables - electricals,1875.6,3.10%,0.25%,3.29% (Oct 2022),2.37% (Jul 2023),7.07 L,-0.28 L,,,,0.25
Edelweiss Small Cap Fund - Direct Plan - Growth,https://www.moneycontrol.com/india/stockpricequote/pharmaceuticals/jbchemicalspharmaceuticals/JBC01,JB Chemicals & Pharmaceuticals Ltd.,Pharmaceuticals,753.2,3.07%,3.07%,3.07% (Sep 2023),0% (Oct 2022),5.08 L,5.08 L,,,,3.07
Edelweiss Small Cap Fund - Direct Plan - GrowthSmall Cap Fund,https://www.moneycontrol.com/india/stockpricequote/cables-power-others/keiindustries/KEI,KEI Industries Ltd.,Cables - electricals,724.4,3.07%,0.20%,3.07% (Aug 2023),2.58% (Dec 2022),2.68 L,13.83 k,,,,0.2
Sundaram Small Cap Fund - Direct Plan - Growth,https://www.moneycontrol.com/india/stockpricequote/pharmaceuticals-drugs/suvenpharmaceuticals/SP19,Suven Pharmaceuticals Ltd.,Pharmaceuticals,812.4,3.06%,0.14%,3.06% (Sep 2023),1.05% (Oct 2022),14.47 L,-0.25 L,,,,0.14
ICICI Prudential Smallcap Fund - Direct Plan - Growth,https://www.moneycontrol.com/india/stockpricequote/hospital-healthcare-services/krishnainstitutemedicalsciences/KIo01,Krishna Institute of Medical Sciences Ltd.,Hospital,1846.1,3.05%,0.16%,3.55% (Apr 2023),2.88% (Aug 2023),9.34 L,-0.75 L,,,,0.16
Union Small Cap Fund - Direct Plan - GrowthSmall Cap Fund,https://www.moneycontrol.com/india/stockpricequote/ceramics-granite/cerasanitaryware/CS18,Cera Sanitaryware Ltd.,Sanitary ware,324.7,3.03%,0.38%,3.21% (May 2023),2.51% (Sep 2022),34.15 k,0.00,,,,0.38
Invesco India Smallcap Fund - Direct - Growth,https://www.moneycontrol.com/india/stockpricequote/bank-private/equitassmallfinancebank/ESF,Equitas Small Finance Bank Ltd.,Other bank,837.0,3.03%,0.23%,3.03% (Sep 2023),0% (Oct 2022),93.36 L,11.67 L,,,,0.23
Bank of India Small Cap Fund - Direct Plan - GrowthSmall Cap Fund,https://www.moneycontrol.com/india/stockpricequote/hotel-resort-restaurants/lemontreehotels/LTH,Lemon Tree Hotels Ltd.,Hotels & resorts,192.3,3.00%,1.74%,3% (Aug 2023),1.26% (Jul 2023),17.60 L,9.50 L,,,,1.74
Union Small Cap Fund - Direct Plan - GrowthSmall Cap Fund,https://www.moneycontrol.com/india/indexfutures/nifty/9,J.b. Chemicals & Pharmaceuticals Ltd.,Pharmaceuticals,321.0,3.00%,0.02%,3.15% (Apr 2023),2.86% (Sep 2022),1.16 L,0.00,,,,0.02
Bank of India Small Cap Fund - Direct Plan - GrowthSmall Cap Fund,https://www.moneycontrol.com/india/stockpricequote/finance-nbfc/creditaccessgrameen/CG03,CreditAccess Grameen Ltd.,Microfinance institutions,192.1,2.99%,0.05%,2.99% (Aug 2023),1.31% (Jan 2023),1.36 L,15.70 k,,,,0.05
Edelweiss Small Cap Fund - Direct Plan - GrowthSmall Cap Fund,https://www.moneycontrol.com/india/indexfutures/nifty/9,J.b. Chemicals & Pharmaceuticals Ltd.,Pharmaceuticals,703.5,2.98%,0.20%,3.43% (Sep 2022),2.78% (Jul 2023),2.54 L,15.96 k,,,,0.2
Bank of India Small Cap Fund - Direct Plan - Growth,https://www.moneycontrol.com/india/stockpricequote/pumps/ksb/KSB,Ksb Pumps Ltd.,"Compressors, pumps & diesel engines",201.8,2.95%,0.45%,2.95% (Sep 2023),1.18% (Jan 2023),67.50 k,10.00 k,,,,0.45
SBI Small Cap Fund - Direct Plan - GrowthSmall Cap Fund,https://www.moneycontrol.com/india/stockpricequote/finance-others/sbfcfinance/SF33,SBFC Finance Ltd.,Microfinance institutions,6160.0,2.95%,2.95%,2.95% (Aug 2023),0% (Sep 2022),7.00 Cr,7.00 Cr,,,,2.95
Mahindra Manulife Small Cap Fund - Direct Plan - Growth,https://www.moneycontrol.com/india/stockpricequote/refineries/relianceindustries/RI,Reliance Industries Ltd.,Refineries & marketing,633.2,2.94%,2.94%,2.94% (Sep 2023),0% (Oct 2022),2.70 L,2.70 L,,,,2.94
Bank of India Small Cap Fund - Direct Plan - Growth,https://www.moneycontrol.com/india/stockpricequote/breweries-distilleries/radicokhaitan/RK01,Radico Khaitan Ltd.,Breweries & distilleries,198.6,2.90%,0.53%,2.9% (Sep 2023),0% (Oct 2022),1.65 L,44.50 k,,,,0.53
Axis Small Cap Fund - Direct Plan - Growth,https://www.moneycontrol.com/india/stockpricequote/plantations-tea-coffee/cclproductsindia/CC10,CCL Products (India) Ltd.,Tea & coffee,4671.4,2.89%,0.12%,3.55% (Apr 2023),2.77% (Aug 2023),72.35 L,0,,,,0.12
Bank of India Small Cap Fund - Direct Plan - Growth,https://www.moneycontrol.com/india/stockpricequote/miscellaneous/cholamandalamfinancialholdings/TII,Cholamandalam Financial Holdings Ltd.,Investment company,197.1,2.88%,0.89%,2.88% (Sep 2023),0.83% (Mar 2023),1.70 L,39.80 k,,,,0.89
Bank of India Small Cap Fund - Direct Plan - GrowthSmall Cap Fund,https://www.moneycontrol.com/india/stockpricequote/cables-power-others/keiindustries/KEI,KEI Industries Ltd.,Cables - electricals,184.1,2.87%,0.48%,2.87% (Aug 2023),1.74% (Nov 2022),68.00 k,9.40 k,,,,0.48
Kotak Small Cap Fund - Direct Plan - Growth,https://www.moneycontrol.com/india/stockpricequote/consumer-goods-white-goods/bluestar/BS,Blue Star Ltd.,Household appliances,3554.8,2.86%,0.47%,3.17% (Feb 2023),2.39% (Aug 2023),40.62 L,1.00 L,,,,0.47
Quant Small Cap Fund - Direct Plan - GrowthSmall Cap Fund,https://www.moneycontrol.com/india/stockpricequote/textiles-denim/arvind/A18,Arvind Ltd.,Garments & apparels,2299.5,2.85%,0.19%,2.85% (Aug 2023),1.41% (Feb 2023),1.31 Cr,0.00,,,,0.19
PGIM India Small Cap Fund - Direct Plan - GrowthSmall Cap Fund,https://www.moneycontrol.com/india/stockpricequote/bank-private/equitassmallfinancebank/ESF,Equitas Small Finance Bank Ltd.,Other bank,503.0,2.85%,0.14%,2.85% (Aug 2023),0% (Sep 2022),55.58 L,-9.94 L,,,,0.14
ICICI Prudential Smallcap Fund - Direct Plan - GrowthSmall Cap Fund,https://www.moneycontrol.com/india/stockpricequote/cables-power-others/keiindustries/KEI,KEI Industries Ltd.,Cables - electricals,1989.6,2.85%,0.48%,3.29% (Oct 2022),2.37% (Jul 2023),7.35 L,1.00 L,,,,0.48
PGIM India Small Cap Fund - Direct Plan - Growth,https://www.moneycontrol.com/india/stockpricequote/banks-private-sector/csbbank/CB05,CSB Bank Ltd.,Private sector bank,484.9,2.84%,0.14%,2.84% (Sep 2023),0% (Oct 2022),14.42 L,0.00,,,,0.14
Canara Robeco Small Cap Fund - Direct Plan - GrowthSmall Cap Fund,https://www.moneycontrol.com/india/stockpricequote/cables-power-others/keiindustries/KEI,KEI Industries Ltd.,Cables - electricals,2149.1,2.84%,0.14%,2.88% (Apr 2023),1.52% (Sep 2022),7.94 L,0.00,,,,0.14
LIC MF Small Cap Fund - Direct Plan - Growth,https://www.moneycontrol.com/india/stockpricequote/engines/kirloskaroilengines/KOE03,Kirloskar Oil Engines Ltd.,"Compressors, pumps & diesel engines",48.1,2.83%,0.30%,2.83% (Sep 2023),1.49% (Oct 2022),89.05 k,0.00,,,,0.3
Bank of India Small Cap Fund - Direct Plan - Growth,https://www.moneycontrol.com/india/stockpricequote/engineering-heavy/prajindustries/PI17,Praj Industries Ltd.,Industrial products,193.6,2.83%,0.30%,2.83% (Sep 2023),1.25% (Dec 2022),3.30 L,0.00,,,,0.3
HDFC Small Cap Fund - Direct Plan - Growth,https://www.moneycontrol.com/india/stockpricequote/finance-housing/idfc/IDF,Infrastructure Development Finance Company Limited,Holding company,6580.6,2.83%,0.05%,2.96% (Jan 2023),2.62% (Feb 2023),5.11 Cr,-5.00 L,,,,0.05
Bank of India Small Cap Fund - Direct Plan - Growth,https://www.moneycontrol.com/india/stockpricequote/miscellaneous/kaynestechnologyindia/KTI,Kaynes Technology India Private Ltd.,Industrial products,193.2,2.82%,0.18%,2.82% (Sep 2023),0% (Oct 2022),84.00 k,0.00,,,,0.18
Union Small Cap Fund - Direct Plan - GrowthSmall Cap Fund,https://www.moneycontrol.com/india/stockpricequote/miscellaneous/electronicsmartindia/EMI,Electronics Mart lndia Ltd.,Speciality retail,300.3,2.80%,0.35%,2.8% (Aug 2023),0% (Sep 2022),21.22 L,0.00,,,,0.35
PGIM India Small Cap Fund - Direct Plan - GrowthSmall Cap Fund,https://www.moneycontrol.com/india/stockpricequote/hospital-healthcare-services/rainbowchildrensmedicare/RCM03,Rainbow Childrens Medicare Ltd.,Hospital,490.1,2.77%,0.48%,2.77% (Aug 2023),0% (Sep 2022),4.63 L,-0.13 L,,,,0.48
Edelweiss Small Cap Fund - Direct Plan - GrowthSmall Cap Fund,https://www.moneycontrol.com/india/stockpricequote/computers-software-medium-small/birlasoft/KPI02,Birlasoft Ltd.,Computers - software & consulting,652.8,2.77%,0.22%,2.77% (Aug 2023),1.09% (Oct 2022),12.81 L,0.00,,,,0.22
Canara Robeco Small Cap Fund - Direct Plan - GrowthSmall Cap Fund,https://www.moneycontrol.com/india/stockpricequote/ceramics-granite/cerasanitaryware/CS18,Cera Sanitaryware Ltd.,Sanitary ware,2087.6,2.76%,0.43%,2.76% (Feb 2023),2.29% (Jan 2023),2.20 L,0.00,,,,0.43
Tata Small Cap Fund - Direct Plan - Growth,https://www.moneycontrol.com/india/stockpricequote/software/ceinfosystemsmapmyindia/CIS02,C.E. Info Systems Ltd.,Software products,1695.4,2.76%,0.29%,2.76% (Sep 2023),0.11% (Mar 2023),8.50 L,0.00,,,,0.29
Axis Small Cap Fund - Direct Plan - Growth,https://www.moneycontrol.com/india/stockpricequote/consumer-goods-white-goods/bluestar/BS,Blue Star Ltd.,Household appliances,4461.4,2.76%,0.38%,3.19% (Feb 2023),2.38% (Aug 2023),50.98 L,0,,,,0.38
Mahindra Manulife Small Cap Fund - Direct Plan - GrowthSmall Cap Fund,https://www.moneycontrol.com/india/stockpricequote/personal-care/godrejindustries/GI23,Godrej Industries Ltd,Animal feed,422.5,2.74%,1.20%,2.74% (Aug 2023),0% (Sep 2022),7.86 L,4.37 L,,,,1.2
PGIM India Small Cap Fund - Direct Plan - Growth,https://www.moneycontrol.com/india/stockpricequote/pharmaceuticals/jbchemicalspharmaceuticals/JBC01,JB Chemicals & Pharmaceuticals Ltd.,Pharmaceuticals,466.2,2.73%,2.73%,2.73% (Sep 2023),0% (Oct 2022),3.15 L,3.15 L,,,,2.73
LIC MF Small Cap Fund - Direct Plan - Growth,https://www.moneycontrol.com/india/stockpricequote/hotel-resort-restaurants/lemontreehotels/LTH,Lemon Tree Hotels Ltd.,Hotels & resorts,46.3,2.72%,0.11%,2.72% (Sep 2023),1.34% (Jun 2023),4.07 L,0.00,,,,0.11
ITI Small Cap Fund - Direct Plan - GrowthSmall Cap Fund,https://www.moneycontrol.com/india/stockpricequote/steel-medium-small/jindalstainless/JSL01,Jindal Stainless Ltd.,Iron & steel products,393.6,2.71%,0.20%,3.03% (Mar 2023),0.76% (Sep 2022),8.66 L,0.00,,,,0.2
PGIM India Small Cap Fund - Direct Plan - GrowthSmall Cap Fund,https://www.moneycontrol.com/india/stockpricequote/banks-private-sector/csbbank/CB05,CSB Bank Ltd.,Private sector bank,476.3,2.70%,0.82%,2.7% (Aug 2023),0% (Sep 2022),14.42 L,0.00,,,,0.82
Sundaram Small Cap Fund - Direct Plan - Growth,https://www.moneycontrol.com/india/stockpricequote/miscellaneous/multicommodityexchangeindia/MCE,Multi Commodity Exchange Of India Ltd.,Exchange and data platform,714.1,2.69%,0.80%,2.69% (Sep 2023),1.66% (May 2023),3.48 L,58.37 k,,,,0.8
ICICI Prudential Smallcap Fund - Direct Plan - Growth,https://www.moneycontrol.com/india/stockpricequote/packaging/epl/EP11,EPL Ltd.,Packaging,1629.6,2.69%,0.10%,3.32% (Apr 2023),0.98% (Oct 2022),87.28 L,-4.91 L,,,,0.1
Aditya Birla Sun Life Small cap Fund - Direct Plan - Growth,https://www.moneycontrol.com/india/stockpricequote/miscellaneous/cholamandalamfinancialholdings/TII,Cholamandalam Financial Holdings Ltd.,Investment company,1244.9,2.69%,0.35%,2.69% (Sep 2023),1.98% (Dec 2022),10.73 L,0.00,,,,0.35
PGIM India Small Cap Fund - Direct Plan - Growth,https://www.moneycontrol.com/india/stockpricequote/cement-products-building-materials/rhimagnesitaindia/OR01,Orient Refractories Ltd.,Electrodes & refractories,454.3,2.66%,0.18%,2.66% (Sep 2023),0% (Oct 2022),6.09 L,0.00,,,,0.18
Bank of India Small Cap Fund - Direct Plan - Growth,https://www.moneycontrol.com/india/stockpricequote/miscellaneous/sencogold/SG14,Senco Gold Ltd.,"Gems, jewellery and watches",181.9,2.66%,0.57%,2.66% (Sep 2023),0% (Oct 2022),2.95 L,-0.35 L,,,,0.57
HDFC Small Cap Fund - Direct Plan - Growth,https://www.moneycontrol.com/india/stockpricequote/computers-software-medium-small/eclerxservices/eS06,eClerx Services Ltd.,Business process outsourcing (bpo)/ knowledge process outsourcing (kpo),6175.1,2.66%,0.23%,3.04% (May 2023),2.43% (Aug 2023),34.27 L,45.16 k,,,,0.23
Tata Small Cap Fund - Direct Plan - Growth,https://www.moneycontrol.com/india/stockpricequote/chemicals/elantasbeckindia/EBI,Elantas Beck India Ltd.,Specialty chemicals,1627.7,2.65%,0.14%,2.92% (Feb 2023),2.21% (Jul 2023),2.12 L,0.00,,,,0.14
Bank of India Small Cap Fund - Direct Plan - GrowthSmall Cap Fund,https://www.moneycontrol.com/india/stockpricequote/miscellaneous/kaynestechnologyindia/KTI,Kaynes Technology India Private Ltd.,Industrial products,169.2,2.64%,0.08%,2.76% (May 2023),0% (Sep 2022),84.00 k,0.00,,,,0.08
PGIM India Small Cap Fund - Direct Plan - Growth,https://www.moneycontrol.com/india/stockpricequote/consumer-goods-white-goods/bluestar/BS,Blue Star Ltd.,Household appliances,448.6,2.62%,0.47%,2.62% (Sep 2023),0% (Oct 2022),5.13 L,0.00,,,,0.47
Axis Small Cap Fund - Direct Plan - GrowthSmall Cap Fund,https://www.moneycontrol.com/india/stockpricequote/miscellaneous/fineorganicsindustries/FOI,Fine Organic Industries Ltd.,Specialty chemicals,4149.7,2.62%,0.02%,5.49% (Sep 2022),2.6% (Jul 2023),8.65 L,0,,,,0.02
PGIM India Small Cap Fund - Direct Plan - Growth,https://www.moneycontrol.com/india/stockpricequote/couriers/bluedartexpress/BDE,Blue Dart Express Ltd.,Logistics solution provider,445.8,2.61%,0.24%,2.61% (Sep 2023),0% (Oct 2022),66.65 k,0.00,,,,0.24
Nippon India Small Cap Fund - Direct Plan - Growth,https://www.moneycontrol.com/india/stockpricequote/auto-ancillaries/tubeinvestmentsindialtd/TIIND54076,Tube Investments Of India Ltd.,Auto components & equipments,9764.5,2.61%,0.02%,3.92% (Oct 2022),2.59% (Aug 2023),32.68 L,0.00,,,,0.02
LIC MF Small Cap Fund - Direct Plan - GrowthSmall Cap Fund,https://www.moneycontrol.com/india/stockpricequote/hotel-resort-restaurants/lemontreehotels/LTH,Lemon Tree Hotels Ltd.,Hotels & resorts,44.5,2.61%,0.31%,2.61% (Aug 2023),1.34% (Jun 2023),4.07 L,0.00,,,,0.31
Union Small Cap Fund - Direct Plan - Growth,https://www.moneycontrol.com/india/stockpricequote/miscellaneous/syrmasgstechnology/SST06,Syrma SGS Technology Ltd.,Industrial products,288.0,2.61%,0.05%,3.11% (Jul 2023),0% (Oct 2022),4.71 L,-0.37 L,,,,0.05
SBI Small Cap Fund - Direct Plan - GrowthSmall Cap Fund,https://www.moneycontrol.com/india/stockpricequote/hotel-resort-restaurants/lemontreehotels/LTH,Lemon Tree Hotels Ltd.,Hotels & resorts,5462.5,2.61%,0.30%,3.29% (Nov 2022),2.31% (Jul 2023),5.00 Cr,0.00,,,,0.3
Union Small Cap Fund - Direct Plan - GrowthSmall Cap Fund,https://www.moneycontrol.com/india/stockpricequote/watches-accessories/ethos/E12,Ethos Ltd.,"Gems, jewellery and watches",278.7,2.60%,0.16%,2.73% (Jun 2023),0.99% (Sep 2022),1.68 L,0.00,,,,0.16
DSP Small Cap Fund - Direct Plan - GrowthSmall Cap Fund,https://www.moneycontrol.com/india/stockpricequote/sugar/triveniengineeringindustries/TE10,Triveni Engineering & Industries Ltd.,Sugar,3139.0,2.60%,0.03%,3.5% (Nov 2022),2.57% (Jul 2023),99.87 L,0.00,,,,0.03
Sundaram Small Cap Fund - Direct Plan - Growth,https://www.moneycontrol.com/india/stockpricequote/household-personal-products/safariindustriesindia/SII01,Safari Industries (India) Ltd.,Plastic products - consumer,685.9,2.59%,0.03%,2.59% (Sep 2023),1.59% (Nov 2022),1.75 L,-4.14 k,,,,0.03
PGIM India Small Cap Fund - Direct Plan - Growth,https://www.moneycontrol.com/india/stockpricequote/pharmaceuticals/sanofiindia/AP26,Sanofi India Ltd.,Pharmaceuticals,440.8,2.58%,0.12%,3.28% (May 2023),0% (Oct 2022),61.17 k,0.00,,,,0.12
ICICI Prudential Smallcap Fund - Direct Plan - Growth,https://www.moneycontrol.com/india/stockpricequote/miscellaneous/cholamandalamfinancialholdings/TII,Cholamandalam Financial Holdings Ltd.,Investment company,1561.6,2.58%,0.30%,2.58% (Sep 2023),1.88% (Mar 2023),13.46 L,-2.72 L,,,,0.3
Sundaram Small Cap Fund - Direct Plan - Growth,https://www.moneycontrol.com/india/stockpricequote/finance-stock-broking/icicisecurities/ISL04,ICICI Securities Ltd.,Stockbroking & allied,681.0,2.57%,0.34%,2.57% (Sep 2023),0% (Oct 2022),10.96 L,1.74 L,,,,0.34
PGIM India Small Cap Fund - Direct Plan - Growth,https://www.moneycontrol.com/india/stockpricequote/electric-equipment/triveniturbine/TT14,Triveni Turbine Ltd.,Heavy electrical equipment,438.4,2.57%,0.35%,2.57% (Sep 2023),0% (Oct 2022),10.00 L,0.00,,,,0.35
Kotak Small Cap Fund - Direct Plan - Growth,https://www.moneycontrol.com/india/stockpricequote/miscellaneous/galaxysurfactantsltd/GSL06,Galaxy Surfactants Ltd.,Specialty chemicals,3195.7,2.57%,0.02%,3.35% (Oct 2022),2.55% (Aug 2023),12.57 L,90.47 k,,,,0.02
LIC MF Small Cap Fund - Direct Plan - GrowthSmall Cap Fund,https://www.moneycontrol.com/india/stockpricequote/chemicals/deepaknitrite/DN,Deepak Nitrite Ltd.,Specialty chemicals,43.9,2.57%,0.14%,2.93% (Oct 2022),2.43% (Jul 2023),19.78 k,0.00,,,,0.14
Sundaram Small Cap Fund - Direct Plan - GrowthSmall Cap Fund,https://www.moneycontrol.com/india/stockpricequote/household-personal-products/safariindustriesindia/SII01,Safari Industries (India) Ltd.,Plastic products - consumer,660.6,2.56%,0.47%,2.56% (Aug 2023),1.59% (Nov 2022),1.79 L,0.00,,,,0.47
SBI Small Cap Fund - Direct Plan - GrowthSmall Cap Fund,https://www.moneycontrol.com/india/stockpricequote/hotels/chalethotels/CH03,Chalet Hotels Ltd.,Hotels & resorts,5356.0,2.56%,0.19%,2.56% (Aug 2023),2.2% (Dec 2022),97.17 L,0.00,,,,0.19
SBI Small Cap Fund - Direct Plan - GrowthSmall Cap Fund,https://www.moneycontrol.com/india/stockpricequote/electric-equipment/vguardindustries/VI02,V-Guard Industries Ltd.,Household appliances,5344.0,2.56%,0.15%,2.93% (Oct 2022),2.41% (Jul 2023),1.70 Cr,0.00,,,,0.15
Bank of India Small Cap Fund - Direct Plan - GrowthSmall Cap Fund,https://www.moneycontrol.com/india/stockpricequote/engineering-heavy/prajindustries/PI17,Praj Industries Ltd.,Industrial products,162.5,2.53%,0.45%,2.53% (Aug 2023),1.25% (Dec 2022),3.30 L,40.15 k,,,,0.45
LIC MF Small Cap Fund - Direct Plan - GrowthSmall Cap Fund,https://www.moneycontrol.com/india/stockpricequote/engines/kirloskaroilengines/KOE03,Kirloskar Oil Engines Ltd.,"Compressors, pumps & diesel engines",43.1,2.53%,0.07%,2.53% (Aug 2023),1.41% (Sep 2022),89.05 k,0.00,,,,0.07
Invesco India Smallcap Fund - Direct - GrowthSmall Cap Fund,https://www.moneycontrol.com/india/stockpricequote/cables-power-others/keiindustries/KEI,KEI Industries Ltd.,Cables - electricals,666.8,2.53%,0.07%,2.71% (Apr 2023),2.23% (Dec 2022),2.46 L,0.00,,,,0.07
Tata Small Cap Fund - Direct Plan - Growth,https://www.moneycontrol.com/india/stockpricequote/finance-investment/utiassetmanagementcompany/UA04,UTI Asset Management Co. Pvt. Ltd.,Asset management company,1547.0,2.52%,0.08%,3.27% (Jan 2023),2.33% (Oct 2022),19.66 L,0.00,,,,0.08
Tata Small Cap Fund - Direct Plan - GrowthSmall Cap Fund,https://www.moneycontrol.com/india/stockpricequote/chemicals/elantasbeckindia/EBI,Elantas Beck India Ltd.,Specialty chemicals,1511.5,2.51%,0.30%,2.93% (Sep 2022),2.21% (Jul 2023),2.12 L,13.94 k,,,,0.3
Bank of India Small Cap Fund - Direct Plan - GrowthSmall Cap Fund,https://www.moneycontrol.com/india/stockpricequote/pumps/ksb/KSB,Ksb Pumps Ltd.,"Compressors, pumps & diesel engines",160.5,2.50%,0.78%,2.5% (Aug 2023),1.18% (Jan 2023),57.50 k,12.50 k,,,,0.78
DSP Small Cap Fund - Direct Plan - Growth,https://www.moneycontrol.com/india/stockpricequote/pharmaceuticals/ipcalaboratories/IL,Ipca Laboratories Ltd.,Pharmaceuticals,3021.8,2.50%,0.17%,2.5% (Sep 2023),1.76% (May 2023),32.30 L,0.00,,,,0.17
Invesco India Smallcap Fund - Direct - Growth,https://www.moneycontrol.com/india/stockpricequote/hospital-healthcare-services/globalhealth/GH03,Global Health Ltd.,Hospital,690.7,2.50%,0.28%,2.5% (Sep 2023),0% (Oct 2022),9.65 L,1.39 L,,,,0.28
HSBC Small Cap Fund - Direct Plan - GrowthSmall Cap Fund,https://www.moneycontrol.com/india/stockpricequote/ceramics-granite/cerasanitaryware/CS18,Cera Sanitaryware Ltd.,Sanitary ware,2892.3,2.50%,0.33%,2.5% (Aug 2023),1.85% (Dec 2022),3.04 L,-5.00 k,,,,0.33
PGIM India Small Cap Fund - Direct Plan - GrowthSmall Cap Fund,https://www.moneycontrol.com/india/stockpricequote/cement-products-building-materials/rhimagnesitaindia/OR01,Orient Refractories Ltd.,Electrodes & refractories,438.9,2.48%,0.76%,2.48% (Aug 2023),0% (Sep 2022),6.09 L,0.00,,,,0.76
Tata Small Cap Fund - Direct Plan - GrowthSmall Cap Fund,https://www.moneycontrol.com/india/stockpricequote/software/ceinfosystemsmapmyindia/CIS02,C.E. Info Systems Ltd.,Software products,1486.4,2.47%,0.23%,2.47% (Aug 2023),0.11% (Mar 2023),8.50 L,0.00,,,,0.23
Union Small Cap Fund - Direct Plan - GrowthSmall Cap Fund,https://www.moneycontrol.com/india/stockpricequote/aerospace-defence/mtartechnologies/MT15,MTAR Technologies Ltd.,Aerospace & defense,263.2,2.46%,0.12%,2.49% (Nov 2022),1.79% (Sep 2022),1.07 L,0.00,,,,0.12
Quant Small Cap Fund - Direct Plan - GrowthSmall Cap Fund,https://www.moneycontrol.com/india/stockpricequote/telecommunications-equipment/hfcl/HFC,HFCL Ltd.,Telecom - infrastructure,1977.1,2.45%,0.43%,4.5% (Oct 2022),1.89% (May 2023),2.59 Cr,45.00 L,,,,0.43
Sundaram Small Cap Fund - Direct Plan - Growth,https://www.moneycontrol.com/india/stockpricequote/miscellaneous/cholamandalamfinancialholdings/TII,Cholamandalam Financial Holdings Ltd.,Investment company,646.6,2.44%,0.31%,2.44% (Sep 2023),0.94% (Dec 2022),5.57 L,0.00,,,,0.31
Bandhan Emerging Businesses Fund - Direct Plan - Growth,https://www.moneycontrol.com/india/stockpricequote/finance-term-lending-institutions/powerfinancecorporation/PFC02,Power Finance Corporation Ltd.,Financial institution,524.3,2.43%,0.28%,2.43% (Sep 2023),0% (Oct 2022),20.81 L,4.16 L,,,,0.28
Bandhan Emerging Businesses Fund - Direct Plan - Growth,https://www.moneycontrol.com/india/stockpricequote/trading/shailyengineeringplastics/SEP02,Shaily Engineering Plastics Ltd.,Plastic products - industrial,523.4,2.42%,0.02%,3.58% (Oct 2022),2.01% (Jul 2023),2.91 L,6.69 k,,,,0.02
Invesco India Smallcap Fund - Direct - Growth,https://www.moneycontrol.com/india/stockpricequote/finance-others/360onewam/IIFLW54277,360 ONE WAM Ltd.,Other financial services,667.8,2.42%,0.45%,2.42% (Sep 2023),0.95% (Mar 2023),13.30 L,2.65 L,,,,0.45
Invesco India Smallcap Fund - Direct - Growth,https://www.moneycontrol.com/india/stockpricequote/auto-ancillaries-castingsforgings/cieautomotiveindia/MF19,CIE AUTOMOTIVE INDIA Ltd.,Auto components & equipments,667.3,2.42%,0.17%,2.42% (Sep 2023),0% (Oct 2022),13.88 L,2.52 L,,,,0.17
LIC MF Small Cap Fund - Direct Plan - Growth,https://www.moneycontrol.com/india/stockpricequote/pumps/ksb/KSB,Ksb Pumps Ltd.,"Compressors, pumps & diesel engines",40.8,2.40%,0.16%,2.4% (Sep 2023),1.7% (Jan 2023),13.66 k,0.00,,,,0.16
Bandhan Emerging Businesses Fund - Direct Plan - GrowthSmall Cap Fund,https://www.moneycontrol.com/india/stockpricequote/trading/shailyengineeringplastics/SEP02,Shaily Engineering Plastics Ltd.,Plastic products - industrial,484.3,2.40%,0.39%,3.61% (Sep 2022),2.01% (Jul 2023),2.84 L,315.00,,,,0.39
ICICI Prudential Smallcap Fund - Direct Plan - Growth,https://www.moneycontrol.com/india/stockpricequote/construction-contracting-civil/mahindralifespacedevelopers/MLD,Mahindra Lifespace Developers Ltd.,"Residential, commercial projects",1438.5,2.38%,0.06%,2.38% (Sep 2023),1.98% (Dec 2022),26.15 L,-2.33 L,,,,0.06
PGIM India Small Cap Fund - Direct Plan - GrowthSmall Cap Fund,https://www.moneycontrol.com/india/stockpricequote/couriers/bluedartexpress/BDE,Blue Dart Express Ltd.,Logistics solution provider,418.7,2.37%,0.41%,2.37% (Aug 2023),0% (Sep 2022),66.65 k,0.00,,,,0.41
Invesco India Smallcap Fund - Direct - Growth,https://www.moneycontrol.com/india/stockpricequote/household-personal-products/safariindustriesindia/SII01,Safari Industries (India) Ltd.,Plastic products - consumer,654.3,2.37%,0.12%,2.37% (Sep 2023),0.8% (Nov 2022),1.67 L,5.74 k,,,,0.12
Tata Small Cap Fund - Direct Plan - GrowthSmall Cap Fund,https://www.moneycontrol.com/india/stockpricequote/textiles-readymade-apparels/gokaldasexports/GE05,Gokaldas Exports Ltd.,Garments & apparels,1427.2,2.37%,1.08%,2.37% (Aug 2023),1.26% (Jun 2023),18.07 L,4.41 L,,,,1.08
Invesco India Smallcap Fund - Direct - Growth,https://www.moneycontrol.com/india/stockpricequote/electric-equipment/triveniturbine/TT14,Triveni Turbine Ltd.,Heavy electrical equipment,650.4,2.36%,0.29%,2.44% (Apr 2023),1.59% (Oct 2022),14.84 L,86.59 k,,,,0.29
Invesco India Smallcap Fund - Direct - GrowthSmall Cap Fund,https://www.moneycontrol.com/india/stockpricequote/consumer-food/mrsbectorsfoodspecialities/MBF01,Mrs.Bectors Food Specialities Ltd.,Packaged foods,619.7,2.35%,0.17%,2.35% (Aug 2023),0% (Sep 2022),5.77 L,0.00,,,,0.17
Aditya Birla Sun Life Small cap Fund - Direct Plan - GrowthSmall Cap Fund,https://www.moneycontrol.com/india/stockpricequote/retailing/gofashionindia/GFI04,Go Fashion (India) Ltd.,Speciality retail,1054.9,2.34%,0.11%,2.46% (Apr 2023),1.18% (Nov 2022),7.84 L,0.00,,,,0.11
LIC MF Small Cap Fund - Direct Plan - Growth,https://www.moneycontrol.com/india/stockpricequote/hospitals-medical-services/narayanahrudayalaya/NH,Narayana Hrudayalaya Ltd.,Hospital,39.6,2.33%,0.10%,3.67% (Jul 2023),2.23% (Aug 2023),36.52 k,0.00,,,,0.1
Union Small Cap Fund - Direct Plan - Growth,https://www.moneycontrol.com/india/stockpricequote/engineering-heavy/prajindustries/PI17,Praj Industries Ltd.,Industrial products,254.9,2.31%,0.31%,2.31% (Sep 2023),1.43% (Jan 2023),4.35 L,0.00,,,,0.31
HDFC Small Cap Fund - Direct Plan - GrowthSmall Cap Fund,https://www.moneycontrol.com/india/stockpricequote/cables-power-others/keiindustries/KEI,KEI Industries Ltd.,Cables - electricals,5214.7,2.31%,0.03%,2.57% (Jun 2023),2.11% (Dec 2022),19.26 L,-0.50 L,,,,0.03
ICICI Prudential Smallcap Fund - Direct Plan - GrowthSmall Cap Fund,https://www.moneycontrol.com/india/stockpricequote/construction-contracting-civil/mahindralifespacedevelopers/MLD,Mahindra Lifespace Developers Ltd.,"Residential, commercial projects",1616.6,2.31%,0.05%,2.79% (Sep 2022),1.98% (Dec 2022),28.49 L,0.00,,,,0.05
Mahindra Manulife Small Cap Fund - Direct Plan - Growth,https://www.moneycontrol.com/india/stockpricequote/miscellaneous/icra/ICR,ICRA Ltd.,Ratings,485.8,2.26%,0.25%,2.26% (Sep 2023),0% (Oct 2022),88.61 k,35.50 k,,,,0.25
ICICI Prudential Smallcap Fund - Direct Plan - Growth,https://www.moneycontrol.com/india/stockpricequote/auto-ancillaries/mindacorporation/MC23,Minda Corporation Ltd.,Auto components & equipments,1369.8,2.26%,0.30%,2.26% (Sep 2023),0% (Oct 2022),41.13 L,-0.87 L,,,,0.3
UTI Small Cap Fund - Direct Plan - GrowthSmall Cap Fund,https://www.moneycontrol.com/india/stockpricequote/ceramics-granite/cerasanitaryware/CS18,Cera Sanitaryware Ltd.,Sanitary ware,702.7,2.25%,0.37%,2.25% (Aug 2023),1.6% (Dec 2022),73.91 k,0,,,,0.37
Invesco India Smallcap Fund - Direct - GrowthSmall Cap Fund,https://www.moneycontrol.com/india/stockpricequote/household-personal-products/safariindustriesindia/SII01,Safari Industries (India) Ltd.,Plastic products - consumer,594.5,2.25%,0.35%,2.25% (Aug 2023),0.79% (Sep 2022),1.61 L,0.00,,,,0.35
Invesco India Smallcap Fund - Direct - GrowthSmall Cap Fund,https://www.moneycontrol.com/india/stockpricequote/auto-ancillaries-castingsforgings/cieautomotiveindia/MF19,CIE AUTOMOTIVE INDIA Ltd.,Auto components & equipments,593.7,2.25%,2.25%,2.25% (Aug 2023),0% (Sep 2022),11.36 L,54.47 k,,,,2.25
Edelweiss Small Cap Fund - Direct Plan - GrowthSmall Cap Fund,https://www.moneycontrol.com/india/stockpricequote/miscellaneous/amberenterprisesindialimited/AEI01,Amber Enterprises India Ltd.,Household appliances,529.5,2.24%,0.25%,2.24% (Aug 2023),0.62% (Apr 2023),1.83 L,7.61 k,,,,0.25
HSBC Small Cap Fund - Direct Plan - GrowthSmall Cap Fund,https://www.moneycontrol.com/india/stockpricequote/it-services-consulting/kpittechnologies/KPITT54265,KPIT Technologies Ltd.,Computers - software & consulting,2573.1,2.23%,0.03%,2.43% (May 2023),1.51% (Sep 2022),21.88 L,0.00,,,,0.03
Invesco India Smallcap Fund - Direct - GrowthSmall Cap Fund,https://www.moneycontrol.com/india/stockpricequote/hospital-healthcare-services/globalhealth/GH03,Global Health Ltd.,Hospital,585.4,2.22%,1.03%,2.22% (Aug 2023),0% (Sep 2022),8.25 L,4.16 L,,,,1.03
DSP Small Cap Fund - Direct Plan - Growth,https://www.moneycontrol.com/india/stockpricequote/household-personal-products/safariindustriesindia/SII01,Safari Industries (India) Ltd.,Plastic products - consumer,2674.0,2.21%,0.13%,2.21% (Sep 2023),1.21% (Nov 2022),6.83 L,0.00,,,,0.13
Edelweiss Small Cap Fund - Direct Plan - GrowthSmall Cap Fund,https://www.moneycontrol.com/india/stockpricequote/hospital-healthcare-services/krishnainstitutemedicalsciences/KIo01,Krishna Institute of Medical Sciences Ltd.,Hospital,521.9,2.21%,0.69%,2.21% (Aug 2023),0% (Sep 2022),2.61 L,90.93 k,,,,0.69
ITI Small Cap Fund - Direct Plan - GrowthSmall Cap Fund,https://www.moneycontrol.com/india/stockpricequote/construction-contracting-civil/ncc/NCC01,NCC Ltd.,Civil construction,319.8,2.21%,0.05%,2.21% (Aug 2023),0% (Sep 2022),18.85 L,0.00,,,,0.05
DSP Small Cap Fund - Direct Plan - Growth,https://www.moneycontrol.com/india/stockpricequote/computers-software-medium-small/eclerxservices/eS06,eClerx Services Ltd.,Business process outsourcing (bpo)/ knowledge process outsourcing (kpo),2666.0,2.20%,0.21%,2.44% (Jan 2023),1.99% (Aug 2023),14.80 L,0.00,,,,0.21
Canara Robeco Small Cap Fund - Direct Plan - Growth,https://www.moneycontrol.com/india/stockpricequote/aerospace-defence/bharatelectronics/BE03,Bharat Electronics Ltd.,Aerospace & defense,1712.6,2.19%,0.14%,2.19% (Sep 2023),1.33% (Apr 2023),1.24 Cr,7.00 L,,,,0.14
Aditya Birla Sun Life Small cap Fund - Direct Plan - GrowthSmall Cap Fund,https://www.moneycontrol.com/india/stockpricequote/electric-equipment/hitachienergyindia/APP03,ABB Power Products and Systems India Ltd.,Heavy electrical equipment,982.1,2.18%,0.06%,2.62% (Sep 2022),2.12% (Jul 2023),2.23 L,0.00,,,,0.06
Sundaram Small Cap Fund - Direct Plan - GrowthSmall Cap Fund,https://www.moneycontrol.com/india/stockpricequote/computers-software/cyient/IE07,Cyient Ltd.,It enabled services,560.2,2.17%,0.13%,2.19% (Jun 2023),1.34% (Oct 2022),3.42 L,0.00,,,,0.13
Edelweiss Small Cap Fund - Direct Plan - GrowthSmall Cap Fund,https://www.moneycontrol.com/india/stockpricequote/banks-private-sector/federalbank/FB,Federal Bank Ltd.,Private sector bank,509.8,2.16%,0.24%,2.25% (Feb 2023),1.86% (Jun 2023),35.42 L,5.11 L,,,,0.24
Bandhan Emerging Businesses Fund - Direct Plan - GrowthSmall Cap Fund,https://www.moneycontrol.com/india/stockpricequote/finance-term-lending-institutions/powerfinancecorporation/PFC02,Power Finance Corporation Ltd.,Financial institution,433.2,2.15%,0.06%,2.15% (Aug 2023),0% (Sep 2022),16.65 L,1.65 L,,,,0.06
ICICI Prudential Smallcap Fund - Direct Plan - Growth,https://www.moneycontrol.com/india/stockpricequote/construction-contracting-real-estate/pncinfratech/PI26,PNC Infratech Ltd.,Civil construction,1303.5,2.15%,0.40%,2.62% (Jan 2023),1.75% (Aug 2023),35.66 L,-1.24 L,,,,0.4
Kotak Small Cap Fund - Direct Plan - Growth,https://www.moneycontrol.com/india/stockpricequote/couriers/bluedartexpress/BDE,Blue Dart Express Ltd.,Logistics solution provider,2664.4,2.14%,0.16%,2.21% (Dec 2022),1.87% (Jan 2023),3.98 L,11.25 k,,,,0.16
UTI Small Cap Fund - Direct Plan - GrowthSmall Cap Fund,https://www.moneycontrol.com/india/stockpricequote/hotels/chalethotels/CH03,Chalet Hotels Ltd.,Hotels & resorts,658.0,2.10%,0.14%,2.1% (Aug 2023),1.75% (Dec 2022),11.94 L,0,,,,0.14
Mahindra Manulife Small Cap Fund - Direct Plan - Growth,https://www.moneycontrol.com/india/stockpricequote/miscellaneous/cholamandalamfinancialholdings/TII,Cholamandalam Financial Holdings Ltd.,Investment company,449.6,2.09%,0.54%,2.3% (Jun 2023),0% (Oct 2022),3.87 L,1.44 L,,,,0.54
Mahindra Manulife Small Cap Fund - Direct Plan - Growth,https://www.moneycontrol.com/india/stockpricequote/sugar/triveniengineeringindustries/TE10,Triveni Engineering & Industries Ltd.,Sugar,448.0,2.08%,0.39%,2.39% (Apr 2023),0% (Oct 2022),11.80 L,3.50 L,,,,0.39
DSP Small Cap Fund - Direct Plan - GrowthSmall Cap Fund,https://www.moneycontrol.com/india/stockpricequote/household-personal-products/safariindustriesindia/SII01,Safari Industries (India) Ltd.,Plastic products - consumer,2516.1,2.08%,0.40%,2.08% (Aug 2023),1.21% (Nov 2022),6.83 L,0.00,,,,0.4
HSBC Small Cap Fund - Direct Plan - GrowthSmall Cap Fund,https://www.moneycontrol.com/india/stockpricequote/construction-contracting-civil/mahindralifespacedevelopers/MLD,Mahindra Lifespace Developers Ltd.,"Residential, commercial projects",2407.5,2.08%,0.04%,2.38% (Sep 2022),1.7% (Jan 2023),42.42 L,0.00,,,,0.04
Canara Robeco Small Cap Fund - Direct Plan - Growth,https://www.moneycontrol.com/india/stockpricequote/miscellaneous/kaynestechnologyindia/KTI,Kaynes Technology India Private Ltd.,Industrial products,1619.0,2.07%,0.20%,2.07% (Sep 2023),0% (Oct 2022),7.04 L,0.00,,,,0.2
Aditya Birla Sun Life Small cap Fund - Direct Plan - GrowthSmall Cap Fund,https://www.moneycontrol.com/india/stockpricequote/diversified/starhealthalliedinsurancecompany/SHA,Star Health and Allied Insurance Co Ltd.,General insurance,928.8,2.06%,0.71%,2.06% (Aug 2023),0% (Sep 2022),14.61 L,5.77 L,,,,0.71
Invesco India Smallcap Fund - Direct - Growth,https://www.moneycontrol.com/india/stockpricequote/pharmaceuticals/jbchemicalspharmaceuticals/JBC01,JB Chemicals & Pharmaceuticals Ltd.,Pharmaceuticals,566.4,2.05%,2.05%,2.05% (Sep 2023),0% (Oct 2022),3.82 L,3.82 L,,,,2.05
Kotak Small Cap Fund - Direct Plan - GrowthSmall Cap Fund,https://www.moneycontrol.com/india/stockpricequote/electric-equipment/vguardindustries/VI02,V-Guard Industries Ltd.,Household appliances,2495.6,2.03%,0.11%,2.38% (Dec 2022),1.92% (Jul 2023),79.39 L,88.09 k,,,,0.11
Mahindra Manulife Small Cap Fund - Direct Plan - GrowthSmall Cap Fund,https://www.moneycontrol.com/india/stockpricequote/miscellaneous/icra/ICR,ICRA Ltd.,Ratings,310.7,2.01%,0.31%,2.14% (Mar 2023),0% (Sep 2022),53.11 k,20.64 k,,,,0.31
Mahindra Manulife Small Cap Fund - Direct Plan - GrowthSmall Cap Fund,https://www.moneycontrol.com/india/stockpricequote/textiles-denim/arvind/A18,Arvind Ltd.,Garments & apparels,308.9,2.00%,0.03%,2% (Aug 2023),0% (Sep 2022),17.55 L,2.20 L,,,,0.03
ITI Small Cap Fund - Direct Plan - GrowthSmall Cap Fund,https://www.moneycontrol.com/india/stockpricequote/it-services-consulting/kpittechnologies/KPITT54265,KPIT Technologies Ltd.,Computers - software & consulting,286.9,1.98%,0.07%,1.98% (Aug 2023),1.27% (Apr 2023),2.44 L,0.00,,,,0.07
Canara Robeco Small Cap Fund - Direct Plan - GrowthSmall Cap Fund,https://www.moneycontrol.com/india/stockpricequote/infrastructure-general/titagarhrailsystems/TW04,Titagarh Wagons,Railway wagons,1490.5,1.97%,0.34%,1.97% (Aug 2023),0% (Sep 2022),18.33 L,50.00 k,,,,0.34
Canara Robeco Small Cap Fund - Direct Plan - Growth,https://www.moneycontrol.com/india/stockpricequote/miscellaneous/multicommodityexchangeindia/MCE,Multi Commodity Exchange Of India Ltd.,Exchange and data platform,1527.0,1.95%,0.40%,2.14% (Jan 2023),1.55% (Aug 2023),7.45 L,50.00 k,,,,0.4
Mahindra Manulife Small Cap Fund - Direct Plan - Growth,https://www.moneycontrol.com/india/stockpricequote/computers-software-medium-small/firstsourcesolutions/FS07,Firstsource Solutions Ltd.,It enabled services,409.7,1.91%,0.75%,1.91% (Sep 2023),0% (Oct 2022),24.45 L,13.50 L,,,,0.75
Canara Robeco Small Cap Fund - Direct Plan - GrowthSmall Cap Fund,https://www.moneycontrol.com/india/stockpricequote/miscellaneous/kaynestechnologyindia/KTI,Kaynes Technology India Private Ltd.,Industrial products,1417.7,1.87%,0.08%,1.87% (Aug 2023),0% (Sep 2022),7.04 L,0.00,,,,0.08
Aditya Birla Sun Life Small cap Fund - Direct Plan - GrowthSmall Cap Fund,https://www.moneycontrol.com/india/stockpricequote/footwear/campusactivewear/CA07,Campus Activewear Ltd.,Footwear,832.9,1.85%,0.42%,2.27% (Sep 2022),1.42% (Jul 2023),27.60 L,8.00 L,,,,0.42
Mahindra Manulife Small Cap Fund - Direct Plan - GrowthSmall Cap Fund,https://www.moneycontrol.com/india/stockpricequote/auto-ancillaries/mindacorporation/MC23,Minda Corporation Ltd.,Auto components & equipments,279.4,1.81%,0.81%,1.81% (Aug 2023),0% (Sep 2022),8.54 L,5.04 L,,,,0.81
Aditya Birla Sun Life Small cap Fund - Direct Plan - GrowthSmall Cap Fund,https://www.moneycontrol.com/india/stockpricequote/textiles-readymade-apparels/gokaldasexports/GE05,Gokaldas Exports Ltd.,Garments & apparels,816.0,1.81%,0.40%,1.81% (Aug 2023),0% (Sep 2022),10.33 L,-0.60 L,,,,0.4
Canara Robeco Small Cap Fund - Direct Plan - GrowthSmall Cap Fund,https://www.moneycontrol.com/india/stockpricequote/media-entertainment/pvrinox/PVR,PVR Ltd.,"Film production, distribution & exhibition",1333.4,1.76%,0.25%,1.76% (Aug 2023),0.87% (Dec 2022),7.45 L,50.00 k,,,,0.25
Bandhan Emerging Businesses Fund - Direct Plan - GrowthSmall Cap Fund,https://www.moneycontrol.com/india/stockpricequote/plastics/mayuruniquoters/MU,Mayur Uniquoters Limited,Leather and leather products,351.6,1.75%,0.01%,1.86% (Jun 2023),1.49% (Dec 2022),6.27 L,0.00,,,,0.01
Canara Robeco Small Cap Fund - Direct Plan - GrowthSmall Cap Fund,https://www.moneycontrol.com/india/stockpricequote/electric-equipment/vguardindustries/VI02,V-Guard Industries Ltd.,Household appliances,1321.0,1.74%,0.21%,1.94% (Dec 2022),1.28% (Sep 2022),42.02 L,3.52 L,,,,0.21
Aditya Birla Sun Life Small cap Fund - Direct Plan - GrowthSmall Cap Fund,https://www.moneycontrol.com/india/stockpricequote/miscellaneous/icicisecuritiesltd/ISL04,ICICI Securities Ltd.,Stockbroking & allied,756.9,1.68%,0.99%,1.68% (Aug 2023),0% (Sep 2022),12.11 L,7.63 L,,,,0.99
Bandhan Emerging Businesses Fund - Direct Plan - Growth,https://www.moneycontrol.com/india/stockpricequote/computers-software-medium-small/eclerxservices/eS06,eClerx Services Ltd.,Business process outsourcing (bpo)/ knowledge process outsourcing (kpo),360.8,1.67%,0.06%,1.86% (Jun 2023),1.56% (Dec 2022),2.00 L,0.00,,,,0.06
Nippon India Small Cap Fund - Direct Plan - Growth,https://www.moneycontrol.com/india/stockpricequote/electric-equipment/aparindustries/AI40,Apar Industries Ltd.,Other electrical equipment,6135.5,1.64%,0.01%,1.64% (Sep 2023),0.8% (Nov 2022),11.20 L,-0.71 L,,,,0.01
Nippon India Small Cap Fund - Direct Plan - GrowthSmall Cap Fund,https://www.moneycontrol.com/india/stockpricequote/electric-equipment/aparindustries/AI40,Apar Industries Ltd.,Other electrical equipment,5967.8,1.63%,0.27%,1.63% (Aug 2023),0.76% (Sep 2022),11.92 L,-0.51 L,,,,0.27
Bandhan Emerging Businesses Fund - Direct Plan - Growth,https://www.moneycontrol.com/india/stockpricequote/miscellaneous/cholamandalamfinancialholdings/TII,Cholamandalam Financial Holdings Ltd.,Investment company,349.7,1.62%,0.16%,1.62% (Sep 2023),0% (Oct 2022),3.01 L,2.17 k,,,,0.16
ITI Small Cap Fund - Direct Plan - Growth,https://www.moneycontrol.com/india/stockpricequote/pharmaceuticals/jbchemicalspharmaceuticals/JBC01,JB Chemicals & Pharmaceuticals Ltd.,Pharmaceuticals,260.5,1.58%,1.58%,1.58% (Sep 2023),0% (Oct 2022),1.76 L,1.76 L,,,,1.58
Bandhan Emerging Businesses Fund - Direct Plan - Growth,https://www.moneycontrol.com/india/stockpricequote/miscellaneous/syrmasgstechnology/SST06,Syrma SGS Technology Ltd.,Industrial products,339.1,1.57%,0.08%,1.68% (Jul 2023),1.08% (Oct 2022),5.54 L,0.00,,,,0.08
Nippon India Small Cap Fund - Direct Plan - GrowthSmall Cap Fund,https://www.moneycontrol.com/india/stockpricequote/it-services-consulting/kpittechnologies/KPITT54265,KPIT Technologies Ltd.,Computers - software & consulting,5593.7,1.53%,0.04%,2.08% (Sep 2022),1.49% (Jul 2023),47.57 L,0.00,,,,0.04
Bandhan Emerging Businesses Fund - Direct Plan - Growth,https://www.moneycontrol.com/india/stockpricequote/textiles-denim/arvind/A18,Arvind Ltd.,Garments & apparels,323.9,1.50%,0.18%,1.5% (Sep 2023),0% (Oct 2022),18.66 L,3.50 L,,,,0.18
ITI Small Cap Fund - Direct Plan - Growth,https://www.moneycontrol.com/india/stockpricequote/finance-housing/idfc/IDF,Infrastructure Development Finance Company Limited,Holding company,247.7,1.50%,0.12%,1.51% (Jan 2023),1.14% (Feb 2023),19.22 L,2.78 L,,,,0.12
Bandhan Emerging Businesses Fund - Direct Plan - Growth,https://www.moneycontrol.com/india/stockpricequote/miscellaneous/sencogold/SG14,Senco Gold Ltd.,"Gems, jewellery and watches",321.1,1.49%,0.49%,1.49% (Sep 2023),0% (Oct 2022),5.21 L,26.57 k,,,,0.49
ITI Small Cap Fund - Direct Plan - GrowthSmall Cap Fund,https://www.moneycontrol.com/india/stockpricequote/computers-software/cyient/IE07,Cyient Ltd.,It enabled services,212.1,1.46%,0.09%,1.98% (Sep 2022),1% (Oct 2022),1.30 L,0.00,,,,0.09
ITI Small Cap Fund - Direct Plan - GrowthSmall Cap Fund,https://www.moneycontrol.com/india/indexfutures/nifty/9,J.b. Chemicals & Pharmaceuticals Ltd.,Pharmaceuticals,207.7,1.43%,0.07%,1.43% (Aug 2023),0% (Sep 2022),75.04 k,0.00,,,,0.07
Nippon India Small Cap Fund - Direct Plan - Growth,https://www.moneycontrol.com/india/stockpricequote/miscellaneous/niitlearningsystems/NLS,NIIT Learning Systems Ltd.,Education,4776.0,1.28%,0.10%,1.28% (Sep 2023),0% (Oct 2022),1.13 Cr,0.00,,,,0.1
Nippon India Small Cap Fund - Direct Plan - Growth,https://www.moneycontrol.com/india/stockpricequote/infrastructure-general/bharatheavyelectricals/BHE,Bharat Heavy Electricals Ltd.,Heavy electrical equipment,4758.3,1.27%,0.06%,1.27% (Sep 2023),0.51% (Oct 2022),3.63 Cr,0.00,,,,0.06
Nippon India Small Cap Fund - Direct Plan - Growth,https://www.moneycontrol.com/india/stockpricequote/chemicals/elantasbeckindia/EBI,Elantas Beck India Ltd.,Specialty chemicals,4725.8,1.26%,0.06%,1.31% (Feb 2023),0.69% (Nov 2022),6.15 L,0.00,,,,0.06
Nippon India Small Cap Fund - Direct Plan - GrowthSmall Cap Fund,https://www.moneycontrol.com/india/stockpricequote/infrastructure-general/bharatheavyelectricals/BHE,Bharat Heavy Electricals Ltd.,Heavy electrical equipment,4404.2,1.21%,0.11%,1.21% (Aug 2023),0.43% (Sep 2022),3.63 Cr,0.00,,,,0.11
Nippon India Small Cap Fund - Direct Plan - GrowthSmall Cap Fund,https://www.moneycontrol.com/india/stockpricequote/chemicals/elantasbeckindia/EBI,Elantas Beck India Ltd.,Specialty chemicals,4388.5,1.20%,0.07%,1.31% (Feb 2023),0.69% (Nov 2022),6.15 L,0.00,,,,0.07
Nippon India Small Cap Fund - Direct Plan - GrowthSmall Cap Fund,https://www.moneycontrol.com/india/stockpricequote/miscellaneous/niitlearningsystems/NLS,NIIT Learning Systems Ltd.,Education,4320.4,1.18%,0.19%,1.18% (Aug 2023),0% (Sep 2022),1.13 Cr,2.09 L,,,,0.19
